﻿<?xml version="1.0" encoding="utf-8"?>
<ArrayOfSearchCriteria xmlns:xsi="http://www.w3.org/2001/XMLSchema-instance" xmlns:xsd="http://www.w3.org/2001/XMLSchema">
  <SearchCriteria>
    <DayMonth>DAY</DayMonth>
    <SheetName>Active_CAIS_Daily</SheetName>
    <Key>D001</Key>
    <Query>index=*uat* Message.SourceApp=DataSelect Message.EventID = DSDV01 | rename Message.SecurityParameters.experianClientID as Client_ID, Message.SecurityParameters.AccountNumber as AccountNumber | convert timeformat="%m/%Y" ctime(_time) as Month | convert timeformat="%d/%m/%Y" ctime(_time) as Day | stats count as  Total_Applications by Client_ID, AccountNumber, Month, Day | join type=outer Client_ID, AccountNumber, Month, Day [search index=*uat* Message.SourceApp=DataSelect Message.EventID=DSDV01 | rename Message.SecurityParameters.experianClientID as Client_ID, Message.SecurityParameters.AccountNumber as AccountNumber | rex max_match=0 "&lt;E1B09&gt;(?&lt;E1B09&gt;[^\&lt;]+)&lt;\/E1B09&gt;" | rex max_match=0 "&lt;E2H09&gt;(?&lt;E2H09&gt;[^\&lt;]+)&lt;\/E2H09&gt;" | search E1B09 &gt; 0 OR E2H09 &gt; 0 | convert timeformat="%m/%Y" ctime(_time) as Month | convert timeformat="%d/%m/%Y" ctime(_time) as Day | stats count by Client_ID, AccountNumber, Month, Day] | fillnull |  eval Key="D001" | table Key Month Day Client_ID AccountNumber count Total_Applications</Query>
    <Description>% of applications that day that returned active CAIS across all applications for the client is zero and last month’s figure was not zero or the daily figure is non-zero and last month’s figure was zero.</Description>
  </SearchCriteria>
  <SearchCriteria>
    <DayMonth>DAY</DayMonth>
    <SheetName>Default_CAIS_Daily</SheetName>
    <Key>D002</Key>
    <Query>index=*uat* Message.SourceApp=DataSelect Message.EventID = DSDV01 | rename Message.SecurityParameters.experianClientID as Client_ID, Message.SecurityParameters.AccountNumber as AccountNumber | convert timeformat="%m/%Y" ctime(_time) as Month | convert timeformat="%d/%m/%Y" ctime(_time) as Day | stats count as Total_Applications by Client_ID, AccountNumber, Month, Day | join type=outer Client_ID, AccountNumber, Month, Day [search index=*uat* Message.SourceApp=DataSelect index=*uat* Message.SourceApp=DataSelect Message.EventID=DSDV01 | rename Message.SecurityParameters.experianClientID as Client_ID, Message.SecurityParameters.AccountNumber as AccountNumber | rex max_match=0 "&lt;E1A04&gt;(?&lt;E1A04&gt;[^\&lt;]+)&lt;\/E1A04&gt;" | rex max_match=0 "&lt;E2G04&gt;(?&lt;E2G04&gt;[^\&lt;]+)&lt;\/E2G04&gt;" | rex max_match=0 "&lt;E1D01&gt;(?&lt;E1D01&gt;[^\&lt;]+)&lt;\/E1D01&gt;" | rex max_match=0 "&lt;E2J01&gt;(?&lt;E2J01&gt;[^\&lt;]+)&lt;\/E2J01&gt;" | search E1A04&gt;0 OR E2G04&gt;0 OR E1D01&gt;0 OR E2J01&gt;0 | convert timeformat="%m/%Y" ctime(_time) as Month | convert timeformat="%d/%m/%Y" ctime(_time) as Day | stats count by Client_ID, AccountNumber, Month, Day] | fillnull | eval Key="D002" | table Key Month Day Client_ID AccountNumber count Total_Applications</Query>
    <Description>% of applications that day that returned default CAIS across all applications for the client is zero and last month’s figure was not zero or the daily figure is non-zero and last month’s figure was zero.</Description>
  </SearchCriteria>
  <SearchCriteria>
    <DayMonth>DAY</DayMonth>
    <SheetName>Settled_CAIS_Daily</SheetName>
    <Key>D003</Key>
    <Query>index=*uat* Message.SourceApp=DataSelect Message.EventID = DSDV01  | rename Message.SecurityParameters.experianClientID as Client_ID, Message.SecurityParameters.AccountNumber as AccountNumber | convert timeformat="%m/%Y" ctime(_time) as Month | convert timeformat="%d/%m/%Y" ctime(_time) as Day | stats count as Total_Applications by Client_ID, AccountNumber, Month, Day | join type=outer Client_ID, AccountNumber, Month, Day [search index=*uat* Message.SourceApp=DataSelect index=*uat* Message.SourceApp=DataSelect Message.EventID=DSDV01 | rename Message.SecurityParameters.experianClientID as Client_ID, Message.SecurityParameters.AccountNumber as AccountNumber | rex max_match=0 "&lt;E1A07&gt;(?&lt;E1A07&gt;[^\&lt;]+)&lt;\/E1A07&gt;" | rex max_match=0 "&lt;E2G07&gt;(?&lt;E2G07&gt;[^\&lt;]+)&lt;\/E2G07&gt;" | rex max_match=0 "&lt;E1D02&gt;(?&lt;E1D02&gt;[^\&lt;]+)&lt;\/E1D02&gt;" | rex max_match=0 "&lt;E2J02&gt;(?&lt;E2J02&gt;[^\&lt;]+)&lt;\/E2J02&gt;" | search E1A07&gt;0 OR E2G07&gt;0 OR E1D02&gt;0 OR E2J02&gt;0 | convert timeformat="%m/%Y" ctime(_time) as Month | convert timeformat="%d/%m/%Y" ctime(_time) as Day | stats count by Client_ID, AccountNumber, Month, Day] | fillnull | eval Key="D003" | table Key Month Day Client_ID AccountNumber count Total_Applications</Query>
    <Description>% of applications that day that returned settled CAIS across all applications for the client is zero and last month’s figure was not zero or the daily figure is non-zero and last month’s figure was zero.</Description>
  </SearchCriteria>
  <SearchCriteria>
    <DayMonth>DAY</DayMonth>
    <SheetName>CAPS_1-3_months_old_Daily</SheetName>
    <Key>D004</Key>
    <Query>index=*uat* Message.SourceApp=DataSelect Message.EventID = DSDV01  | rename Message.SecurityParameters.experianClientID as Client_ID, Message.SecurityParameters.AccountNumber as AccountNumber | convert timeformat="%m/%Y" ctime(_time) as Month | convert timeformat="%d/%m/%Y" ctime(_time) as Day | stats count as Total_Applications by Client_ID, AccountNumber, Month, Day | join type=outer Client_ID, AccountNumber, Month, Day [search index=*uat* Message.SourceApp=DataSelect index=*uat* Message.SourceApp=DataSelect Message.EventID=DSDV01 | rename Message.SecurityParameters.experianClientID as Client_ID, Message.SecurityParameters.AccountNumber as AccountNumber | rex max_match=0 "&lt;E1E01&gt;(?&lt;E1E01&gt;[^\&lt;]+)&lt;\/E1E01&gt;" | rex max_match=0 "&lt;E2K01&gt;(?&lt;E2K01&gt;[^\&lt;]+)&lt;\/E2K01&gt;" | search E1E01 &gt; 0 OR E2K01 &gt; 0 | convert timeformat="%m/%Y" ctime(_time) as Month | convert timeformat="%d/%m/%Y" ctime(_time) as Day | stats count by Client_ID, AccountNumber, Month, Day] | fillnull | eval Key="D004" | table Key Month Day Client_ID AccountNumber count Total_Applications</Query>
    <Description>% of applications that day that returned CAPS 1-3 months old across all applications for the client is zero and last month’s figure was not zero or the daily figure is non-zero and last month’s figure was zero.</Description>
  </SearchCriteria>
  <SearchCriteria>
    <DayMonth>DAY</DayMonth>
    <SheetName>CAPS_4-6_months_old_Daily</SheetName>
    <Key>D005</Key>
    <Query>index=*uat* Message.SourceApp=DataSelect Message.EventID = DSDV01  | rename Message.SecurityParameters.experianClientID as Client_ID, Message.SecurityParameters.AccountNumber as AccountNumber | convert timeformat="%m/%Y" ctime(_time) as Month | convert timeformat="%d/%m/%Y" ctime(_time) as Day | stats count as Total_Applications by Client_ID, AccountNumber, Month, Day | join type=outer Client_ID, AccountNumber, Month, Day [search index=*uat* Message.SourceApp=DataSelect index=*uat* Message.SourceApp=DataSelect Message.EventID=DSDV01 | rename Message.SecurityParameters.experianClientID as Client_ID, Message.SecurityParameters.AccountNumber as AccountNumber | rex max_match=0 "&lt;NDPSD05&gt;(?&lt;NDPSD05&gt;[^\&lt;]+)&lt;\/NDPSD05&gt;" | search NDPSD05 &gt; 0 | convert timeformat="%m/%Y" ctime(_time) as Month | convert timeformat="%d/%m/%Y" ctime(_time) as Day | stats count by Client_ID, AccountNumber, Month, Day] | fillnull | eval Key="D005" | table Key Month Day Client_ID AccountNumber count Total_Applications</Query>
    <Description>% of applications that day that returned CAPS 4-6 months old across all applications for the client is zero and last month’s figure was not zero or the daily figure is non-zero and last month’s figure was zero.</Description>
  </SearchCriteria>
  <SearchCriteria>
    <DayMonth>DAY</DayMonth>
    <SheetName>CAPS_6-12_months_old_Daily</SheetName>
    <Key>D006</Key>
    <Query>index=*uat* Message.SourceApp=DataSelect Message.EventID = DSDV01  | rename Message.SecurityParameters.experianClientID as Client_ID, Message.SecurityParameters.AccountNumber as AccountNumber | convert timeformat="%m/%Y" ctime(_time) as Month | convert timeformat="%d/%m/%Y" ctime(_time) as Day | stats count as Total_Applications by Client_ID, AccountNumber, Month, Day | join type=outer Client_ID, AccountNumber, Month, Day [search index=*uat* Message.SourceApp=DataSelect Message.EventID = DSDV01  | rename Message.SecurityParameters.experianClientID as Client_ID, Message.SecurityParameters.AccountNumber as AccountNumber | rex max_match=0 "&lt;NDPSD11&gt;(?&lt;NDPSD11&gt;[^\&lt;]+)&lt;\/NDPSD11&gt;" | search NDPSD11&gt;0 | convert timeformat="%m/%Y" ctime(_time) as Month | convert timeformat="%d/%m/%Y" ctime(_time) as Day | stats count as C1 by Client_ID, AccountNumber, Month, Day] | join type=outer Client_ID, AccountNumber, Month, Day [search index=*uat* Message.SourceApp=DataSelect Message.EventID=DSDV01 | rename Message.SecurityParameters.experianClientID as Client_ID, Message.SecurityParameters.AccountNumber as AccountNumber | rex max_match=0 "&lt;E1E02&gt;(?&lt;E1E02&gt;[^\&lt;]+)&lt;\/E1E02&gt;" | search E1E02&gt;0 | convert timeformat="%m/%Y" ctime(_time) as Month | convert timeformat="%d/%m/%Y" ctime(_time) as Day |stats count as C2 by Client_ID, AccountNumber, Month, Day] | fillnull | eval count=C1-C2  | eval Key="D006" | table Key Month Day Client_ID AccountNumber count Total_Applications</Query>
    <Description>% of applications that day that returned CAPS 6-12 months old across all applications for the client is zero and last month’s figure was not zero or the daily figure is non-zero and last month’s figure was zero.</Description>
  </SearchCriteria>
  <SearchCriteria>
    <DayMonth>DAY</DayMonth>
    <SheetName>Public_Records_Daily</SheetName>
    <Key>D007</Key>
    <Query>index=*uat* Message.SourceApp=DataSelect Message.EventID = DSDV01 | rename Message.SecurityParameters.experianClientID as Client_ID, Message.SecurityParameters.AccountNumber as AccountNumber | convert timeformat="%m/%Y" ctime(_time) as Month | convert timeformat="%d/%m/%Y" ctime(_time) as Day | stats count as Total_Applications by Client_ID, AccountNumber, Month, Day | join type=outer Client_ID, AccountNumber, Month, Day [search index=*uat* Message.SourceApp=DataSelect Message.EventID=DSDV01 | rename Message.SecurityParameters.experianClientID as Client_ID, Message.SecurityParameters.AccountNumber as AccountNumber | rex max_match=0 "&lt;E1A01&gt;(?&lt;E1A01&gt;[^\&lt;]+)&lt;\/E1A01&gt;" | rex max_match=0 "&lt;E2G01&gt;(?&lt;E2G01&gt;[^\&lt;]+)&lt;\/E2G01&gt;" | search E1A01 &gt; 0 OR E2G01 &gt; 0 | convert timeformat="%m/%Y" ctime(_time) as Month | convert timeformat="%d/%m/%Y" ctime(_time) as Day | stats count by Client_ID, AccountNumber, Month, Day] | fillnull | eval Key="D007" | table Key Month Day Client_ID AccountNumber count Total_Applications</Query>
    <Description>% of applications that day that returned PI across all applications for the client is zero and last month’s figure was not zero or the daily figure is non-zero and last month’s figure was zero.</Description>
  </SearchCriteria>
  <SearchCriteria>
    <DayMonth>DAY</DayMonth>
    <SheetName>Electoral_Roll_Daily</SheetName>
    <Key>D019</Key>
    <Query>index=*uat* Message.SourceApp=DataSelect Message.EventID = DSDV01 | rename Message.SecurityParameters.experianClientID as Client_ID, Message.SecurityParameters.AccountNumber as AccountNumber | convert timeformat="%m/%Y" ctime(_time) as Month | convert timeformat="%d/%m/%Y" ctime(_time) as Day | stats count as Total_Applications by Client_ID, AccountNumber, Month, Day | join type=outer Client_ID, AccountNumber, Month, Day [search index=*uat* Message.SourceApp=DataSelect Message.EventID=DSDV01 | rename Message.SecurityParameters.experianClientID as Client_ID, Message.SecurityParameters.AccountNumber as AccountNumber | rex max_match=0 "&lt;NDERL01&gt;(?&lt;NDERL01&gt;[^\&lt;]+)&lt;\/NDERL01&gt;" | rex max_match=0 "&lt;NDERL02&gt;(?&lt;NDERL02&gt;[^\&lt;]+)&lt;\/NDERL02&gt;" | search NDERL01&gt;0 OR NDERL02&gt;0 | convert timeformat="%m/%Y" ctime(_time) as Month | convert timeformat="%d/%m/%Y" ctime(_time) as Day | stats count by Client_ID, AccountNumber, Month, Day] | fillnull | eval Key="D019" | table Key Month Day Client_ID AccountNumber count Total_Applications</Query>
    <Description>% of applications that day that returned voters roll across all applications for the client is zero and last month’s figure was not zero or the daily figure is non-zero and last month’s figure was zero.</Description>
  </SearchCriteria>
  <SearchCriteria>
    <DayMonth>DAY</DayMonth>
    <SheetName>Address_Link_Daily</SheetName>
    <Key>D020</Key>
    <Query>index=*uat* Message.SourceApp=DataSelect Message.EventID = DSDV01 | rename Message.SecurityParameters.experianClientID as Client_ID, Message.SecurityParameters.AccountNumber as AccountNumber | convert timeformat="%m/%Y" ctime(_time) as Month | convert timeformat="%d/%m/%Y" ctime(_time) as Day | stats count as Total_Applications by Client_ID, AccountNumber, Month, Day | join type=outer Client_ID, AccountNumber, Month, Day [search index=*uat* Message.SourceApp=DataSelect Message.EventID=DSDV01 | rename Message.SecurityParameters.experianClientID as Client_ID, Message.SecurityParameters.AccountNumber as AccountNumber | rex max_match=0 "&lt;NDLNK01&gt;(?&lt;NDLNK01&gt;[^\&lt;]+)&lt;\/NDLNK01&gt;" |  search NDLNK01 !=T NDLNK01 !=N | convert timeformat="%m/%Y" ctime(_time) as Month | convert timeformat="%d/%m/%Y" ctime(_time) as Day | stats count by Client_ID, AccountNumber, Month, Day] | fillnull | eval Key="D020" | table Key Month Day Client_ID AccountNumber count Total_Applications</Query>
    <Description>% of applications that day that returned address links across all applications for the client is zero and last month’s figure was not zero or the daily figure is non-zero and last month’s figure was zero.</Description>
  </SearchCriteria>
  <SearchCriteria>
    <DayMonth>DAY</DayMonth>
    <SheetName>Associations_Daily</SheetName>
    <Key>D021</Key>
    <Query>index=*uat* Message.SourceApp=DataSelect Message.EventID = DSDV01 | rename Message.SecurityParameters.experianClientID as Client_ID, Message.SecurityParameters.AccountNumber as AccountNumber | convert timeformat="%m/%Y" ctime(_time) as Month | convert timeformat="%d/%m/%Y" ctime(_time) as Day | stats count as Total_Applications by Client_ID, AccountNumber, Month, Day | join type=outer Client_ID, AccountNumber, Month, Day [search index=*uat* Message.SourceApp=DataSelect Message.EventID=DSDV01 | rename Message.SecurityParameters.experianClientID as Client_ID, Message.SecurityParameters.AccountNumber as AccountNumber |  rex max_match=0 "(&lt;AssociationDetails&gt;)(.*?)&lt;Source&gt;(?&lt;Value&gt;[^\&lt;]+)&lt;\/Source&gt;(.*?)&lt;\/AssociationDetails&gt;" | search Value!=S | convert timeformat="%m/%Y" ctime(_time) as Month | convert timeformat="%d/%m/%Y" ctime(_time) as Day | stats count by Client_ID, AccountNumber, Month, Day] | fillnull | eval Key="D021" | table Key Month Day Client_ID AccountNumber count Total_Applications</Query>
    <Description>% of applications that day that returned associations across all applications for the client is zero and last month’s figure was not zero or the daily figure is non-zero and last month’s figure was zero.</Description>
  </SearchCriteria>
  <SearchCriteria>
    <DayMonth>DAY</DayMonth>
    <SheetName>Aliases_Daily</SheetName>
    <Key>D022</Key>
    <Query>index=*uat* Message.SourceApp=DataSelect Message.EventID = DSDV01 | rename Message.SecurityParameters.experianClientID as Client_ID, Message.SecurityParameters.AccountNumber as AccountNumber | convert timeformat="%m/%Y" ctime(_time) as Month | convert timeformat="%d/%m/%Y" ctime(_time) as Day | stats count as Total_Applications by Client_ID, AccountNumber, Month, Day | join type=outer Client_ID, AccountNumber, Month, Day [search index=*uat* Message.SourceApp=DataSelect Message.EventID=DSDV01 | rename Message.SecurityParameters.experianClientID as Client_ID, Message.SecurityParameters.AccountNumber as AccountNumber | rex max_match=0 "(&lt;AssociationDetails&gt;)(.*?)&lt;Source&gt;(?&lt;Value&gt;[^\&lt;]+)&lt;\/Source&gt;(.*?)&lt;\/AssociationDetails&gt;" | search Value=S | convert timeformat="%m/%Y" ctime(_time) as Month | convert timeformat="%d/%m/%Y" ctime(_time) as Day | stats count by Client_ID, AccountNumber, Month, Day] | fillnull | eval Key="D022" | table Key Month Day Client_ID AccountNumber count Total_Applications</Query>
    <Description>% of applications that day that returned aliases across all applications for the client is zero and last month’s figure was not zero or the daily figure is non-zero and last month’s figure was zero.</Description>
  </SearchCriteria>
  <SearchCriteria>
    <DayMonth>DAY</DayMonth>
    <SheetName>Cifas_Daily</SheetName>
    <Key>D023</Key>
    <Query>index=*uat* Message.SourceApp=DataSelect Message.EventID = DSDV01 | rename Message.SecurityParameters.experianClientID as Client_ID, Message.SecurityParameters.AccountNumber as AccountNumber | convert timeformat="%m/%Y" ctime(_time) as Month | convert timeformat="%d/%m/%Y" ctime(_time) as Day | stats count as Total_Applications by Client_ID, AccountNumber, Month, Day | join type=outer Client_ID, AccountNumber, Month, Day [search index=*uat* Message.SourceApp=DataSelect Message.EventID=DSDV01 | rename Message.SecurityParameters.experianClientID as Client_ID, Message.SecurityParameters.AccountNumber as AccountNumber | rex max_match=0 "&lt;EA1A01&gt;(?&lt;EA1A01&gt;[^\&lt;]+)&lt;\/EA1A01&gt;" | rex max_match=0 "&lt;EA2G01&gt;(?&lt;EA2G01&gt;[^\&lt;]+)&lt;\/EA2G01&gt;" | rex max_match=0 "&lt;EA4P01&gt;(?&lt;EA4P01&gt;[^\&lt;]+)&lt;\/EA4P01&gt;" | search EA1A01=Y OR EA2G01=Y OR EA4P01=Y | convert timeformat="%m/%Y" ctime(_time) as Month | convert timeformat="%d/%m/%Y" ctime(_time) as Day | stats count by Client_ID, AccountNumber, Month, Day] | fillnull | eval Key="D023" | table Key Month Day Client_ID AccountNumber count Total_Applications</Query>
    <Description>% of applications that day that returned Cifas across all applications for the client is zero and last month’s figure was not zero or the daily figure is non-zero and last month’s figure was zero.</Description>
  </SearchCriteria>
  <SearchCriteria>
    <DayMonth>DAY</DayMonth>
    <SheetName>NOC_Daily</SheetName>
    <Key>D024</Key>
    <Query>index=*uat* Message.SourceApp=DataSelect Message.EventID = DSDV01 | rename Message.SecurityParameters.experianClientID as Client_ID, Message.SecurityParameters.AccountNumber as AccountNumber | convert timeformat="%m/%Y" ctime(_time) as Month | convert timeformat="%d/%m/%Y" ctime(_time) as Day | stats count as Total_Applications by Client_ID, AccountNumber, Month, Day | join type=outer Client_ID, AccountNumber, Month, Day [search index=*uat* Message.SourceApp=DataSelect Message.EventID=DSDV01 | rename Message.SecurityParameters.experianClientID as Client_ID, Message.SecurityParameters.AccountNumber as AccountNumber | rex max_match=0 "&lt;EA4Q05&gt;(?&lt;EA4Q05&gt;[^\&lt;]+)&lt;\/EA4Q05&gt;" | search EA4Q05=Y | convert timeformat="%m/%Y" ctime(_time) as Month | convert timeformat="%d/%m/%Y" ctime(_time) as Day | stats count by Client_ID, AccountNumber, Month, Day] | fillnull | eval Key="D024" | table Key Month Day Client_ID AccountNumber count Total_Applications</Query>
    <Description>On month end no applications have returned a Notice of Correction if a client configurable parameter requires Notice of correction Alerts.</Description>
  </SearchCriteria>
  <SearchCriteria>
    <DayMonth>DAY</DayMonth>
    <SheetName>CATO_Daily</SheetName>
    <Key>D025</Key>
    <Query>index=*uat* Message.SourceApp=DataSelect Message.EventID = DSDV01 | rename Message.SecurityParameters.experianClientID as Client_ID, Message.SecurityParameters.AccountNumber as AccountNumber | convert timeformat="%m/%Y" ctime(_time) as Month | convert timeformat="%d/%m/%Y" ctime(_time) as Day | stats count as Total_Applications by Client_ID, AccountNumber, Month, Day | join type=outer Client_ID, AccountNumber, Month, Day [search index=*uat* Message.SourceApp=DataSelect Message.EventID=DSDV01 | rename Message.SecurityParameters.experianClientID as Client_ID, Message.SecurityParameters.AccountNumber as AccountNumber | rex max_match=0 "&lt;SPJ54&gt;(?&lt;SPJ54&gt;[^\&lt;]+)&lt;\/SPJ54&gt;" | rex max_match=0 "&lt;SPJ55&gt;(?&lt;SPJ55&gt;[^\&lt;]+)&lt;\/SPJ55&gt;" | rex max_match=0 "&lt;SPJ62&gt;(?&lt;SPJ62&gt;[^\&lt;]+)&lt;\/SPJ62&gt;" | search SPJ54&gt;0 OR SPJ55&gt;0 OR SPJ62&gt;0 | convert timeformat="%m/%Y" ctime(_time) as Month | convert timeformat="%d/%m/%Y" ctime(_time) as Day | stats count by Client_ID, AccountNumber, Month, Day] | fillnull | eval Key="D025" | table Key Month Day Client_ID AccountNumber count Total_Applications</Query>
    <Description>% of applications that day that returned CATO across all applications for the client is zero and last month’s figure was not zero or the daily figure is non-zero and last month’s figure was zero.</Description>
  </SearchCriteria>
  <SearchCriteria>
    <DayMonth>DAY</DayMonth>
    <SheetName>Indebtedness_Data_Daily</SheetName>
    <Key>D026A</Key>
    <Query>index=*uat* Message.SourceApp=DataSelect Message.EventID = DSDV01 | rename Message.SecurityParameters.experianClientID as Client_ID, Message.SecurityParameters.AccountNumber as AccountNumber | convert timeformat="%m/%Y" ctime(_time) as Month | convert timeformat="%d/%m/%Y" ctime(_time) as Day | stats count as Total_Applications by Client_ID, AccountNumber, Month, Day | join type=outer Client_ID, AccountNumber, Month, Day [search index=*uat* Message.SourceApp=DataSelect Message.EventID=DSDV01 CII | rename Message.SecurityParameters.experianClientID as Client_ID, Message.SecurityParameters.AccountNumber as AccountNumber | convert timeformat="%m/%Y" ctime(_time) as Month | convert timeformat="%d/%m/%Y" ctime(_time) as Day | stats count by Client_ID, AccountNumber, Month, Day] | fillnull | eval Key="D026A" | table Key Month Day Client_ID AccountNumber count Total_Applications</Query>
    <Description>% of applications that day that returned Indebtedness_Data block across all applications for the client is zero and last month’s figure was not zero or the daily figure is non-zero and last month’s figure was zero.</Description>
  </SearchCriteria>
  <SearchCriteria>
    <DayMonth>DAY</DayMonth>
    <SheetName>Card_Behavioural_Data_Daily</SheetName>
    <Key>D026B</Key>
    <Query>index=*uat* Message.SourceApp=DataSelect Message.EventID = DSDV01 | rename Message.SecurityParameters.experianClientID as Client_ID, Message.SecurityParameters.AccountNumber as AccountNumber | convert timeformat="%m/%Y" ctime(_time) as Month | convert timeformat="%d/%m/%Y" ctime(_time) as Day | stats count as Total_Applications by Client_ID, AccountNumber, Month, Day | join type=outer Client_ID, AccountNumber, Month, Day [search index=*uat* Message.SourceApp=DataSelect Message.EventID=DSDV01 APACSCCBehavrlData | rename Message.SecurityParameters.experianClientID as Client_ID, Message.SecurityParameters.AccountNumber as AccountNumber | convert timeformat="%m/%Y" ctime(_time) as Month | convert timeformat="%d/%m/%Y" ctime(_time) as Day | stats count by Client_ID, AccountNumber, Month, Day] | fillnull | eval Key="D026B" | table Key Month Day Client_ID AccountNumber count Total_Applications</Query>
    <Description>% of applications that day that returned Card_Behavioural_Data block across all applications for the client is zero and last month’s figure was not zero or the daily figure is non-zero and last month’s figure was zero.</Description>
  </SearchCriteria>
  <SearchCriteria>
    <DayMonth>DAY</DayMonth>
    <SheetName>High_Cost_Credit_Daily</SheetName>
    <Key>D026C</Key>
    <Query>index=*uat* Message.SourceApp=DataSelect Message.EventID = DSDV01 | rename Message.SecurityParameters.experianClientID as Client_ID, Message.SecurityParameters.AccountNumber as AccountNumber | convert timeformat="%m/%Y" ctime(_time) as Month | convert timeformat="%d/%m/%Y" ctime(_time) as Day | stats count as Total_Applications by Client_ID, AccountNumber, Month, Day | join type=outer Client_ID, AccountNumber, Month, Day [search index=*uat* Message.SourceApp=DataSelect Message.EventID=DSDV01 HighCostCredit | rename Message.SecurityParameters.experianClientID as Client_ID, Message.SecurityParameters.AccountNumber as AccountNumber | convert timeformat="%m/%Y" ctime(_time) as Month | convert timeformat="%d/%m/%Y" ctime(_time) as Day | stats count by Client_ID, AccountNumber, Month, Day] | fillnull | eval Key="D026C" | table Key Month Day Client_ID AccountNumber count Total_Applications</Query>
    <Description>% of applications that day that returned High_Cost_Credit block across all applications for the client is zero and last month’s figure was not zero or the daily figure is non-zero and last month’s figure was zero.</Description>
  </SearchCriteria>
  <SearchCriteria>
    <DayMonth>DAY</DayMonth>
    <SheetName>Impaired_Credit_History_Daily</SheetName>
    <Key>D026D</Key>
    <Query>index=*uat* Message.SourceApp=DataSelect Message.EventID = DSDV01 | rename Message.SecurityParameters.experianClientID as Client_ID, Message.SecurityParameters.AccountNumber as AccountNumber | convert timeformat="%m/%Y" ctime(_time) as Month | convert timeformat="%d/%m/%Y" ctime(_time) as Day | stats count as Total_Applications by Client_ID, AccountNumber, Month, Day | join type=outer Client_ID, AccountNumber, Month, Day [search index=*uat* Message.SourceApp=DataSelect Message.EventID=DSDV01 ImpairedCH | rename Message.SecurityParameters.experianClientID as Client_ID, Message.SecurityParameters.AccountNumber as AccountNumber | convert timeformat="%m/%Y" ctime(_time) as Month | convert timeformat="%d/%m/%Y" ctime(_time) as Day | stats count by Client_ID, AccountNumber, Month, Day] | fillnull | eval Key="D026D" | table Key Month Day Client_ID AccountNumber count Total_Applications</Query>
    <Description>% of applications that day that returned Impaired_Credit_History block across all applications for the client is zero and last month’s figure was not zero or the daily figure is non-zero and last month’s figure was zero.</Description>
  </SearchCriteria>
  <SearchCriteria>
    <DayMonth>DAY</DayMonth>
    <SheetName>Telcos_Daily</SheetName>
    <Key>D026E</Key>
    <Query>index=*uat* Message.SourceApp=DataSelect Message.EventID = DSDV01 | rename Message.SecurityParameters.experianClientID as Client_ID, Message.SecurityParameters.AccountNumber as AccountNumber | convert timeformat="%m/%Y" ctime(_time) as Month | convert timeformat="%d/%m/%Y" ctime(_time) as Day | stats count as Total_Applications by Client_ID, AccountNumber, Month, Day | join type=outer Client_ID, AccountNumber, Month, Day [search index=*uat* Message.SourceApp=DataSelect Message.EventID=DSDV01 TelecommsBlock | rename Message.SecurityParameters.experianClientID as Client_ID, Message.SecurityParameters.AccountNumber as AccountNumber | convert timeformat="%m/%Y" ctime(_time) as Month | convert timeformat="%d/%m/%Y" ctime(_time) as Day | stats count by Client_ID, AccountNumber, Month, Day] | fillnull | eval Key="D026E" | table Key Month Day Client_ID AccountNumber count Total_Applications</Query>
    <Description>% of applications that day that returned Telcos block across all applications for the client is zero and last month’s figure was not zero or the daily figure is non-zero and last month’s figure was zero.</Description>
  </SearchCriteria>
  <SearchCriteria>
    <DayMonth>DAY</DayMonth>
    <SheetName>Never_Paid_Default_Daily</SheetName>
    <Key>D026F</Key>
    <Query>index=*uat* Message.SourceApp=DataSelect Message.EventID = DSDV01 | rename Message.SecurityParameters.experianClientID as Client_ID, Message.SecurityParameters.AccountNumber as AccountNumber | convert timeformat="%m/%Y" ctime(_time) as Month | convert timeformat="%d/%m/%Y" ctime(_time) as Day | stats count as Total_Applications by Client_ID, AccountNumber, Month, Day | join type=outer Client_ID, AccountNumber, Month, Day [search index=*uat* Message.SourceApp=DataSelect Message.EventID=DSDV01 NeverPaidDefsBlock | rename Message.SecurityParameters.experianClientID as Client_ID, Message.SecurityParameters.AccountNumber as AccountNumber | convert timeformat="%m/%Y" ctime(_time) as Month | convert timeformat="%d/%m/%Y" ctime(_time) as Day | stats count by Client_ID, AccountNumber, Month, Day] | fillnull | eval Key="D026F" | table Key Month Day Client_ID AccountNumber count Total_Applications</Query>
    <Description>% of applications that day that returned Never_Paid_Default block across all applications for the client is zero and last month’s figure was not zero or the daily figure is non-zero and last month’s figure was zero.</Description>
  </SearchCriteria>
  <SearchCriteria>
    <DayMonth>DAY</DayMonth>
    <SheetName>Rental_Block_Daily</SheetName>
    <Key>D026G</Key>
    <Query>index=*uat* Message.SourceApp=DataSelect Message.EventID = DSDV01 | rename Message.SecurityParameters.experianClientID as Client_ID, Message.SecurityParameters.AccountNumber as AccountNumber | convert timeformat="%m/%Y" ctime(_time) as Month | convert timeformat="%d/%m/%Y" ctime(_time) as Day | stats count as Total_Applications by Client_ID, AccountNumber, Month, Day | join type=outer Client_ID, AccountNumber, Month, Day [search index=*uat* Message.SourceApp=DataSelect Message.EventID=DSDV01 RentalExchange | rename Message.SecurityParameters.experianClientID as Client_ID, Message.SecurityParameters.AccountNumber as AccountNumber | convert timeformat="%m/%Y" ctime(_time) as Month | convert timeformat="%d/%m/%Y" ctime(_time) as Day | stats count by Client_ID, AccountNumber, Month, Day] | fillnull | eval Key="D026G" | table Key Month Day Client_ID AccountNumber count Total_Applications</Query>
    <Description>% of applications that day that returned Rental_Block across all applications for the client is zero and last month’s figure was not zero or the daily figure is non-zero and last month’s figure was zero.</Description>
  </SearchCriteria>
  <SearchCriteria>
    <DayMonth>DAY</DayMonth>
    <SheetName>Trended_Data_Block_Daily</SheetName>
    <Key>D026H</Key>
    <Query>index=*uat* Message.SourceApp=DataSelect Message.EventID = DSDV01 | rename Message.SecurityParameters.experianClientID as Client_ID, Message.SecurityParameters.AccountNumber as AccountNumber | convert timeformat="%m/%Y" ctime(_time) as Month | convert timeformat="%d/%m/%Y" ctime(_time) as Day | stats count as Total_Applications by Client_ID, AccountNumber, Month, Day | join type=outer Client_ID, AccountNumber, Month, Day [search index=*uat* Message.SourceApp=DataSelect Message.EventID=DSDV01 TrendedData | rename Message.SecurityParameters.experianClientID as Client_ID, Message.SecurityParameters.AccountNumber as AccountNumber | convert timeformat="%m/%Y" ctime(_time) as Month | convert timeformat="%d/%m/%Y" ctime(_time) as Day | stats count by Client_ID, AccountNumber, Month, Day] | fillnull | eval Key="D026H" | table Key Month Day Client_ID AccountNumber count Total_Applications</Query>
    <Description>% of applications that day that returned Trended_Data_Block across all applications for the client is zero and last month’s figure was not zero or the daily figure is non-zero and last month’s figure was zero.</Description>
  </SearchCriteria>
  <SearchCriteria>
    <DayMonth>DAY</DayMonth>
    <SheetName>VM01-Credit_Cards_Daily</SheetName>
    <Key>D026I</Key>
    <Query>index=*uat* Message.SourceApp=DataSelect Message.EventID = DSDV01 | rename Message.SecurityParameters.experianClientID as Client_ID, Message.SecurityParameters.AccountNumber as AccountNumber | convert timeformat="%m/%Y" ctime(_time) as Month | convert timeformat="%d/%m/%Y" ctime(_time) as Day | stats count as Total_Applications by Client_ID, AccountNumber, Month, Day | join type=outer Client_ID, AccountNumber, Month, Day [search index=*uat* Message.SourceApp=DataSelect Message.EventID=DSDV01 BankCards | rename Message.SecurityParameters.experianClientID as Client_ID, Message.SecurityParameters.AccountNumber as AccountNumber | convert timeformat="%m/%Y" ctime(_time) as Month | convert timeformat="%d/%m/%Y" ctime(_time) as Day | stats count by Client_ID, AccountNumber, Month, Day] | fillnull | eval Key="D026I" | table Key Month Day Client_ID AccountNumber count Total_Applications</Query>
    <Description>% of applications that day that returned VM01-Credit_Cards block across all applications for the client is zero and last month’s figure was not zero or the daily figure is non-zero and last month’s figure was zero.</Description>
  </SearchCriteria>
  <SearchCriteria>
    <DayMonth>DAY</DayMonth>
    <SheetName>VM02–Credt_Sale_Agrmnts_Daily</SheetName>
    <Key>D026J</Key>
    <Query>index=*uat* Message.SourceApp=DataSelect Message.EventID = DSDV01 | rename Message.SecurityParameters.experianClientID as Client_ID, Message.SecurityParameters.AccountNumber as AccountNumber | convert timeformat="%m/%Y" ctime(_time) as Month | convert timeformat="%d/%m/%Y" ctime(_time) as Day | stats count as Total_Applications by Client_ID, AccountNumber, Month, Day | join type=outer Client_ID, AccountNumber, Month, Day [search index=*uat* Message.SourceApp=DataSelect Message.EventID=DSDV01 CreditSales | rename Message.SecurityParameters.experianClientID as Client_ID, Message.SecurityParameters.AccountNumber as AccountNumber | convert timeformat="%m/%Y" ctime(_time) as Month | convert timeformat="%d/%m/%Y" ctime(_time) as Day | stats count by Client_ID, AccountNumber, Month, Day] | fillnull | eval Key="D026J" | table Key Month Day Client_ID AccountNumber count Total_Applications</Query>
    <Description>% of applications that day that returned VM02–Credit_Sale_Agreements block across all applications for the client is zero and last month’s figure was not zero or the daily figure is non-zero and last month’s figure was zero.</Description>
  </SearchCriteria>
  <SearchCriteria>
    <DayMonth>DAY</DayMonth>
    <SheetName>VM03–Retail_Storecards_Daily</SheetName>
    <Key>D026K</Key>
    <Query>index=*uat* Message.SourceApp=DataSelect Message.EventID = DSDV01 | rename Message.SecurityParameters.experianClientID as Client_ID, Message.SecurityParameters.AccountNumber as AccountNumber | convert timeformat="%m/%Y" ctime(_time) as Month | convert timeformat="%d/%m/%Y" ctime(_time) as Day | stats count as Total_Applications by Client_ID, AccountNumber, Month, Day | join type=outer Client_ID, AccountNumber, Month, Day [search index=*uat* Message.SourceApp=DataSelect Message.EventID=DSDV01 RetailStoreCards | rename Message.SecurityParameters.experianClientID as Client_ID, Message.SecurityParameters.AccountNumber as AccountNumber | convert timeformat="%m/%Y" ctime(_time) as Month | convert timeformat="%d/%m/%Y" ctime(_time) as Day | stats count by Client_ID, AccountNumber, Month, Day] | fillnull | eval Key="D026K" | table Key Month Day Client_ID AccountNumber count Total_Applications</Query>
    <Description>% of applications that day that returned VM03–Retail_Storecards block across all applications for the client is zero and last month’s figure was not zero or the daily figure is non-zero and last month’s figure was zero.</Description>
  </SearchCriteria>
  <SearchCriteria>
    <DayMonth>DAY</DayMonth>
    <SheetName>VM04–Unsecured_Loans_Daily</SheetName>
    <Key>D026L</Key>
    <Query>index=*uat* Message.SourceApp=DataSelect Message.EventID = DSDV01 | rename Message.SecurityParameters.experianClientID as Client_ID, Message.SecurityParameters.AccountNumber as AccountNumber | convert timeformat="%m/%Y" ctime(_time) as Month | convert timeformat="%d/%m/%Y" ctime(_time) as Day | stats count as Total_Applications by Client_ID, AccountNumber, Month, Day | join type=outer Client_ID, AccountNumber, Month, Day [search index=*uat* Message.SourceApp=DataSelect Message.EventID=DSDV01 UnsecuredLoans | rename Message.SecurityParameters.experianClientID as Client_ID, Message.SecurityParameters.AccountNumber as AccountNumber | convert timeformat="%m/%Y" ctime(_time) as Month | convert timeformat="%d/%m/%Y" ctime(_time) as Day | stats count by Client_ID, AccountNumber, Month, Day] | fillnull | eval Key="D026L" | table Key Month Day Client_ID AccountNumber count Total_Applications</Query>
    <Description>% of applications that day that returned VM04–Unsecured_Loans block across all applications for the client is zero and last month’s figure was not zero or the daily figure is non-zero and last month’s figure was zero.</Description>
  </SearchCriteria>
  <SearchCriteria>
    <DayMonth>DAY</DayMonth>
    <SheetName>VM05–Vehicle_Finance_Daily</SheetName>
    <Key>D026M</Key>
    <Query>index=*uat* Message.SourceApp=DataSelect Message.EventID = DSDV01 | rename Message.SecurityParameters.experianClientID as Client_ID, Message.SecurityParameters.AccountNumber as AccountNumber | convert timeformat="%m/%Y" ctime(_time) as Month | convert timeformat="%d/%m/%Y" ctime(_time) as Day | stats count as Total_Applications by Client_ID, AccountNumber, Month, Day | join type=outer Client_ID, AccountNumber, Month, Day [search index=*uat* Message.SourceApp=DataSelect Message.EventID=DSDV01 AssetFinanceHP | rename Message.SecurityParameters.experianClientID as Client_ID, Message.SecurityParameters.AccountNumber as AccountNumber | convert timeformat="%m/%Y" ctime(_time) as Month | convert timeformat="%d/%m/%Y" ctime(_time) as Day | stats count by Client_ID, AccountNumber, Month, Day] | fillnull | eval Key="D026M" | table Key Month Day Client_ID AccountNumber count Total_Applications</Query>
    <Description>% of applications that day that returned VM05–Vehicle_Finance block across all applications for the client is zero and last month’s figure was not zero or the daily figure is non-zero and last month’s figure was zero.</Description>
  </SearchCriteria>
  <SearchCriteria>
    <DayMonth>DAY</DayMonth>
    <SheetName>VM06–Secured_Loans_Daily</SheetName>
    <Key>D026N</Key>
    <Query>index=*uat* Message.SourceApp=DataSelect Message.EventID = DSDV01 | rename Message.SecurityParameters.experianClientID as Client_ID, Message.SecurityParameters.AccountNumber as AccountNumber | convert timeformat="%m/%Y" ctime(_time) as Month | convert timeformat="%d/%m/%Y" ctime(_time) as Day | stats count as Total_Applications by Client_ID, AccountNumber, Month, Day | join type=outer Client_ID, AccountNumber, Month, Day [search index=*uat* Message.SourceApp=DataSelect Message.EventID=DSDV01 SecuredLoans | rename Message.SecurityParameters.experianClientID as Client_ID, Message.SecurityParameters.AccountNumber as AccountNumber | convert timeformat="%m/%Y" ctime(_time) as Month | convert timeformat="%d/%m/%Y" ctime(_time) as Day | stats count by Client_ID, AccountNumber, Month, Day] | fillnull | eval Key="D026N" | table Key Month Day Client_ID AccountNumber count Total_Applications</Query>
    <Description>% of applications that day that returned VM06–Secured_Loans block across all applications for the client is zero and last month’s figure was not zero or the daily figure is non-zero and last month’s figure was zero.</Description>
  </SearchCriteria>
  <SearchCriteria>
    <DayMonth>DAY</DayMonth>
    <SheetName>VM07–Mortgages_Daily</SheetName>
    <Key>D026O</Key>
    <Query>index=*uat* Message.SourceApp=DataSelect Message.EventID = DSDV01 | rename Message.SecurityParameters.experianClientID as Client_ID, Message.SecurityParameters.AccountNumber as AccountNumber | convert timeformat="%m/%Y" ctime(_time) as Month | convert timeformat="%d/%m/%Y" ctime(_time) as Day | stats count as Total_Applications by Client_ID, AccountNumber, Month, Day | join type=outer Client_ID, AccountNumber, Month, Day [search index=*uat* Message.SourceApp=DataSelect Message.EventID=DSDV01 Mortgages | rename Message.SecurityParameters.experianClientID as Client_ID, Message.SecurityParameters.AccountNumber as AccountNumber | convert timeformat="%m/%Y" ctime(_time) as Month | convert timeformat="%d/%m/%Y" ctime(_time) as Day | stats count by Client_ID, AccountNumber, Month, Day] | fillnull | eval Key="D026O" | table Key Month Day Client_ID AccountNumber count Total_Applications</Query>
    <Description>% of applications that day that returned VM07–Mortgages block across all applications for the client is zero and last month’s figure was not zero or the daily figure is non-zero and last month’s figure was zero.</Description>
  </SearchCriteria>
  <SearchCriteria>
    <DayMonth>DAY</DayMonth>
    <SheetName>VM08–Current_Accounts_Daily</SheetName>
    <Key>D026P</Key>
    <Query>index=*uat* Message.SourceApp=DataSelect Message.EventID = DSDV01 | rename Message.SecurityParameters.experianClientID as Client_ID, Message.SecurityParameters.AccountNumber as AccountNumber | convert timeformat="%m/%Y" ctime(_time) as Month | convert timeformat="%d/%m/%Y" ctime(_time) as Day | stats count as Total_Applications by Client_ID, AccountNumber, Month, Day | join type=outer Client_ID, AccountNumber, Month, Day [search index=*uat* Message.SourceApp=DataSelect Message.EventID=DSDV01 CurrentAccounts | rename Message.SecurityParameters.experianClientID as Client_ID, Message.SecurityParameters.AccountNumber as AccountNumber | convert timeformat="%m/%Y" ctime(_time) as Month | convert timeformat="%d/%m/%Y" ctime(_time) as Day | stats count by Client_ID, AccountNumber, Month, Day] | fillnull | eval Key="D026P" | table Key Month Day Client_ID AccountNumber count Total_Applications</Query>
    <Description>% of applications that day that returned VM08–Current_Accounts block across all applications for the client is zero and last month’s figure was not zero or the daily figure is non-zero and last month’s figure was zero.</Description>
  </SearchCriteria>
  <SearchCriteria>
    <DayMonth>DAY</DayMonth>
    <SheetName>VM09–Utilities_Daily</SheetName>
    <Key>D026Q</Key>
    <Query>index=*uat* Message.SourceApp=DataSelect Message.EventID = DSDV01 | rename Message.SecurityParameters.experianClientID as Client_ID, Message.SecurityParameters.AccountNumber as AccountNumber | convert timeformat="%m/%Y" ctime(_time) as Month | convert timeformat="%d/%m/%Y" ctime(_time) as Day | stats count as Total_Applications by Client_ID, AccountNumber, Month, Day | join type=outer Client_ID, AccountNumber, Month, Day [search index=*uat* Message.SourceApp=DataSelect Message.EventID=DSDV01 Utilities | rename Message.SecurityParameters.experianClientID as Client_ID, Message.SecurityParameters.AccountNumber as AccountNumber | convert timeformat="%m/%Y" ctime(_time) as Month | convert timeformat="%d/%m/%Y" ctime(_time) as Day | stats count by Client_ID, AccountNumber, Month, Day] | fillnull | eval Key="D026Q" | table Key Month Day Client_ID AccountNumber count Total_Applications</Query>
    <Description>% of applications that day that returned VM09–Utilities block across all applications for the client is zero and last month’s figure was not zero or the daily figure is non-zero and last month’s figure was zero.</Description>
  </SearchCriteria>
  <SearchCriteria>
    <DayMonth>DAY</DayMonth>
    <SheetName>VM10–Mail_Order_Daily</SheetName>
    <Key>D026R</Key>
    <Query>index=*uat* Message.SourceApp=DataSelect Message.EventID = DSDV01 | rename Message.SecurityParameters.experianClientID as Client_ID, Message.SecurityParameters.AccountNumber as AccountNumber | convert timeformat="%m/%Y" ctime(_time) as Month | convert timeformat="%d/%m/%Y" ctime(_time) as Day | stats count as Total_Applications by Client_ID, AccountNumber, Month, Day | join type=outer Client_ID, AccountNumber, Month, Day [search index=*uat* Message.SourceApp=DataSelect Message.EventID=DSDV01 MailOrderHomeShopping | rename Message.SecurityParameters.experianClientID as Client_ID, Message.SecurityParameters.AccountNumber as AccountNumber | convert timeformat="%m/%Y" ctime(_time) as Month | convert timeformat="%d/%m/%Y" ctime(_time) as Day | stats count by Client_ID, AccountNumber, Month, Day] | fillnull | eval Key="D026R" | table Key Month Day Client_ID AccountNumber count Total_Applications</Query>
    <Description>% of applications that day that returned VM10–Mail_Order block across all applications for the client is zero and last month’s figure was not zero or the daily figure is non-zero and last month’s figure was zero.</Description>
  </SearchCriteria>
  <SearchCriteria>
    <DayMonth>DAY</DayMonth>
    <SheetName>Boost_Data_block_Daily</SheetName>
    <Key>D026S</Key>
    <Query>index=*uat* Message.SourceApp=DataSelect Message.EventID = DSDV01 | rename Message.SecurityParameters.experianClientID as Client_ID, Message.SecurityParameters.AccountNumber as AccountNumber | convert timeformat="%m/%Y" ctime(_time) as Month | convert timeformat="%d/%m/%Y" ctime(_time) as Day | stats count as Total_Applications by Client_ID, AccountNumber, Month, Day | join type=outer Client_ID, AccountNumber, Month, Day [search index=*uat* Message.SourceApp=DataSelect Message.EventID=DSDV01 ScoreBoost | rename Message.SecurityParameters.experianClientID as Client_ID, Message.SecurityParameters.AccountNumber as AccountNumber | convert timeformat="%m/%Y" ctime(_time) as Month | convert timeformat="%d/%m/%Y" ctime(_time) as Day | stats count by Client_ID, AccountNumber, Month, Day] | fillnull | eval Key="D026S" | table Key Month Day Client_ID AccountNumber count Total_Applications</Query>
    <Description>% of applications that day that returned Boost_Data_block across all applications for the client is zero and last month’s figure was not zero or the daily figure is non-zero and last month’s figure was zero.</Description>
  </SearchCriteria>
  <SearchCriteria>
    <DayMonth>DAY</DayMonth>
    <SheetName>Scorecard_Identifier_Daily</SheetName>
    <Key>D008</Key>
    <Query>index=*uat* Message.SourceApp=DataSelect Message.EventID=DSDV01 NDSI21 | rename Message.SecurityParameters.experianClientID as Client_ID, Message.SecurityParameters.AccountNumber as AccountNumber | rex max_match=0 "&lt;NDSI21&gt;(?&lt;NDSI21&gt;[^\&lt;]+)&lt;\/NDSI21&gt;" | convert timeformat="%m/%Y" ctime(_time) as Month | convert timeformat="%d/%m/%Y" ctime(_time) as Day | stats values(NDSI21) as Delphi_Scorecard by Client_ID, AccountNumber, Month, Day | mvcombine Delphi_Scorecard | eval Key="D008" | table Key Month Day Client_ID AccountNumber Delphi_Scorecard</Query>
    <Description>A new Delphi Scorecard is used by the client that day that was not used last month or a Delphi Scorecard that was use last month is not used that day</Description>
  </SearchCriteria>
  <SearchCriteria>
    <DayMonth>DAY</DayMonth>
    <SheetName>DelphiScore_Average_Daily</SheetName>
    <Key>D009A</Key>
    <Query>index=*uat* Message.SourceApp=DataSelect Message.EventID=DSDV01 NDG02 | rename Message.SecurityParameters.experianClientID as Client_ID, Message.SecurityParameters.AccountNumber as AccountNumber  | rex max_match=0 "&lt;NDG02&gt;(?&lt;NDG02&gt;[^\&lt;]+)&lt;\/NDG02&gt;"  | rex max_match=0 "&lt;NDSI21&gt;(?&lt;NDSI21&gt;[^\&lt;]+)&lt;\/NDSI21&gt;" | search NDG02&gt;-999 | rename NDSI21 as Delphi_Scorecard | convert timeformat="%d/%m/%Y" ctime(_time) as Day | convert timeformat="%m/%Y" ctime(_time) as Month | addtotals fieldname=NDG02 NDG02 | stats avg(NDG02) as avg by Delphi_Scorecard, Client_ID, AccountNumber, Month, Day | eval Key="D009A" | table Key Month Day Delphi_Scorecard Client_ID AccountNumber avg</Query>
    <Description>For each Delphi Scorecard used in that day, The average (mean) Delphi Score across all applications for the client that day has risen or fallen by more than a client configurable percentage from the average last month</Description>
  </SearchCriteria>
  <SearchCriteria>
    <DayMonth>DAY</DayMonth>
    <SheetName>Detect_Score_average_Daily</SheetName>
    <Key>D010</Key>
    <Query>index=*uat* Message.SourceApp=DataSelect Message.EventID=DSDV01 | rename Message.SecurityParameters.experianClientID as Client_ID, Message.SecurityParameters.AccountNumber as AccountNumber  | rex max_match=0 "&lt;AppScore&gt;(?&lt;Detect_Score&gt;[^\&lt;]+)&lt;\/AppScore&gt;" | search Detect_Score&gt;-9997 | convert timeformat="%m/%Y" ctime(_time) as Month | convert timeformat="%d/%m/%Y" ctime(_time) as Day | addtotals fieldname=Detect_Score Detect_Score | stats avg(Detect_Score) as avg by Client_ID, AccountNumber, Month, Day | eval Key="D010" | table Key Month Day Client_ID AccountNumber avg</Query>
    <Description>The average (mean) Detect Score across all applications for the client that day has risen or fallen by more than a client configurable percentage from the average last month</Description>
  </SearchCriteria>
  <SearchCriteria>
    <DayMonth>DAY</DayMonth>
    <SheetName>Authenticate_Index_avg_Daily</SheetName>
    <Key>D013</Key>
    <Query>index=*uat* Message.SourceApp=DataSelect Message.EventID=DSDV01 | rename Message.SecurityParameters.experianClientID as Client_ID, Message.SecurityParameters.AccountNumber as AccountNumber  | rex "&lt;AuthenticationIndex&gt;(?&lt;Authentication_Index&gt;[^\&lt;]+)&lt;\/AuthenticationIndex&gt;" | search Authentication_Index&gt;=0 | convert timeformat="%m/%Y" ctime(_time) as Month | convert timeformat="%d/%m/%Y" ctime(_time) as Day | addtotals fieldname=Authentication_Index Authentication_Index | stats avg(Authentication_Index) as avg by Client_ID, AccountNumber, Month, Day | eval Key="D013" | table Key Month Day Client_ID AccountNumber avg</Query>
    <Description>The average (mean) Authenticate Index across all applications for the client that day has risen or fallen by more than a client configurable percentage from the average last month </Description>
  </SearchCriteria>
  <SearchCriteria>
    <DayMonth>DAY</DayMonth>
    <SheetName>CII_average_Daily</SheetName>
    <Key>D016</Key>
    <Query>index=*uat* Message.SourceApp=DataSelect Message.EventID=DSDV01 NDSPCII | rename Message.SecurityParameters.experianClientID as Client_ID, Message.SecurityParameters.AccountNumber as AccountNumber  | rex max_match=0 "&lt;NDSPCII&gt;(?&lt;NDSPCII&gt;[^\&lt;]+)&lt;\/NDSPCII&gt;" | convert timeformat="%m/%Y" ctime(_time) as Month | convert timeformat="%d/%m/%Y" ctime(_time) as Day | addtotals fieldname=CII NDSPCII | stats avg(CII) as avg by Client_ID, AccountNumber, Month, Day | eval Key="D016" | table Key Month Day Client_ID AccountNumber avg</Query>
    <Description>The average (mean) CII across all applications for the client that day has risen or fallen by more than a client configurable percentage from the average last month</Description>
  </SearchCriteria>
  <SearchCriteria>
    <DayMonth>DAY</DayMonth>
    <SheetName>Error_Count_Daily</SheetName>
    <Key>D028</Key>
    <Query>index=*uat* Message.SourceApp=DataSelect Message.EventID = DSDV01 error | rename Message.SecurityParameters.experianClientID as Client_ID, Message.SecurityParameters.AccountNumber as AccountNumber | convert timeformat="%m/%Y" ctime(_time) as Month | convert timeformat="%d/%m/%Y" ctime(_time) as Day | stats count by Client_ID, AccountNumber, Month, Day | join type=outer Client_ID, AccountNumber, Month, Day [search index=*uat* Message.SourceApp=DataSelect Message.EventID = DSDV01 | rename Message.SecurityParameters.experianClientID as Client_ID, Message.SecurityParameters.AccountNumber as AccountNumber | convert timeformat="%m/%Y" ctime(_time) as Month | convert timeformat="%d/%m/%Y" ctime(_time) as Day | stats count as Total_Applications by Client_ID, AccountNumber, Month, Day] | eval Key="D028" | table Key Month Day Client_ID AccountNumber count Total_Applications</Query>
    <Description>Total number of error records for applications for the client for that day is more than a client configurable percentage of the total number of applications that day</Description>
  </SearchCriteria>
  <SearchCriteria>
    <DayMonth>DAY</DayMonth>
    <SheetName>Application_Type_List_Daily</SheetName>
    <Key>D029</Key>
    <Query>index=*uat* Message.SourceApp=DataSelect Message.EventID=DSAV01 ApplicationType | rename Message.SecurityParameters.experianClientID as Client_ID, Message.SecurityParameters.AccountNumber as AccountNumber | rex max_match=0 "&lt;ApplicationType&gt;(?&lt;ApplicationType&gt;[^\&lt;]+)&lt;\/ApplicationType&gt;" | convert timeformat="%m/%Y" ctime(_time) as Month | convert timeformat="%d/%m/%Y" ctime(_time) as Day | stats values(ApplicationType) as Application_Type by Client_ID, AccountNumber, Month, Day | mvcombine Application_Type | eval Key="D029" | table Key Month Day Client_ID AccountNumber Application_Type</Query>
    <Description>A new application type is written to CAPS by the client that day that was not used last month or an application type that was written last month is not used that day</Description>
  </SearchCriteria>
  <SearchCriteria>
    <DayMonth>DAY</DayMonth>
    <SheetName>Apps_for_Applction_Type_Daily</SheetName>
    <Key>D030A</Key>
    <Query>index=*uat* Message.SourceApp=DataSelect Message.EventID=DSAV01 ApplicationType | rename Message.SecurityParameters.experianClientID as Client_ID, Message.SecurityParameters.AccountNumber as AccountNumber | rex max_match=0 "&lt;ApplicationType&gt;(?&lt;Application_Type&gt;[^\&lt;]+)&lt;\/ApplicationType&gt;" | convert timeformat="%m/%Y" ctime(_time) as Month | convert timeformat="%d/%m/%Y" ctime(_time) as Day | stats count by Application_Type, Client_ID, AccountNumber, Month, Day | join type=outer Client_ID, AccountNumber,Month, Day [search index=*uat* Message.SourceApp=DataSelect Message.EventID = DSAV01 | rename Message.SecurityParameters.experianClientID as Client_ID, Message.SecurityParameters.AccountNumber as AccountNumber | convert timeformat="%m/%Y" ctime(_time) as Month | convert timeformat="%d/%m/%Y" ctime(_time) as Day | stats count as Total_Applications by Client_ID, AccountNumber,Month, Day] | eval Key="D030A" | table Key Month Day Application_Type Client_ID AccountNumber count Total_Applications</Query>
    <Description>For each application type written on the day, % of all applications written by the client today that were this application type is a client configurable percentage greater or less than the % of this application type written last month</Description>
  </SearchCriteria>
  <SearchCriteria>
    <DayMonth />
    <SheetName />
    <Key />
    <Query />
    <Description />
  </SearchCriteria>
  <SearchCriteria>
    <DayMonth />
    <SheetName />
    <Key />
    <Query />
    <Description />
  </SearchCriteria>
  <SearchCriteria>
    <DayMonth />
    <SheetName />
    <Key />
    <Query />
    <Description />
  </SearchCriteria>
  <SearchCriteria>
    <DayMonth />
    <SheetName />
    <Key />
    <Query />
    <Description />
  </SearchCriteria>
  <SearchCriteria>
    <DayMonth />
    <SheetName />
    <Key />
    <Query />
    <Description />
  </SearchCriteria>
  <SearchCriteria>
    <DayMonth />
    <SheetName />
    <Key />
    <Query />
    <Description />
  </SearchCriteria>
  <SearchCriteria>
    <DayMonth />
    <SheetName />
    <Key />
    <Query />
    <Description />
  </SearchCriteria>
  <SearchCriteria>
    <DayMonth />
    <SheetName />
    <Key />
    <Query />
    <Description />
  </SearchCriteria>
  <SearchCriteria>
    <DayMonth />
    <SheetName />
    <Key />
    <Query />
    <Description />
  </SearchCriteria>
  <SearchCriteria>
    <DayMonth />
    <SheetName />
    <Key />
    <Query />
    <Description />
  </SearchCriteria>
  <SearchCriteria>
    <DayMonth />
    <SheetName />
    <Key />
    <Query />
    <Description />
  </SearchCriteria>
  <SearchCriteria>
    <DayMonth />
    <SheetName />
    <Key />
    <Query />
    <Description />
  </SearchCriteria>
</ArrayOfSearchCriteria>